{"cameraMode":{"drawMode":0,"name":"Shaded","section":"Shading Mode"},"sceneLighting":true,"audioPlay":false,"sceneViewState":{"m_AlwaysRefresh":false,"showFog":true,"showSkybox":true,"showFlares":true,"showImageEffects":true,"showParticleSystems":true,"showVisualEffectGraphs":true,"m_FxEnabled":true},"in2DMode":false,"pivot":{"x":2.9188690185546877,"y":0.40106260776519778,"z":-4.735641956329346},"rotation":{"x":0.2633587419986725,"y":-0.26485881209373476,"z":0.0754450112581253,"w":0.9245548844337463},"size":4.464950084686279,"orthographic":false}